{"cameraMode":{"drawMode":0,"name":"Shaded","section":"Shading Mode"},"sceneLighting":true,"audioPlay":false,"sceneViewState":{"showFog":true,"showMaterialUpdate":true,"showSkybox":true,"showFlares":true,"showImageEffects":true,"showParticleSystems":true},"in2DMode":false,"pivot":{"x":865.5126342773438,"y":-208.10745239257813,"z":290.4520568847656},"rotation":{"x":-0.26447027921676638,"y":0.4112262725830078,"z":-0.1259959191083908,"w":-0.8631788492202759},"size":1371.729248046875,"orthographic":false}